<application>
  <component name="ProjectJdkTable">
    <jdk version="2">
      <name value="Python 3.5 (te2)" />
      <type value="Python SDK" />
      <version value="Python 3.5.3" />
      <homePath value="E:\PyLearn\ApyCharmProject\te2\venv\Scripts\python.exe" />
      <roots>
        <classPath>
          <root type="composite">
            <root url="file://C:/Program Files/Python/Python35/DLLs" type="simple" />
            <root url="file://C:/Program Files/Python/Python35/Lib" type="simple" />
            <root url="file://C:/Program Files/Python/Python35" type="simple" />
            <root url="file://E:/PyLearn/ApyCharmProject/te2/venv" type="simple" />
            <root url="file://E:/PyLearn/ApyCharmProject/te2/venv/Lib/site-packages" type="simple" />
            <root url="jar://E:/PyLearn/ApyCharmProject/te2/venv/Lib/site-packages/setuptools-40.8.0-py3.5.egg!/" type="simple" />
            <root url="file://E:/PyLearn/ApyCharmProject/te2/venv/Lib/site-packages/pip-19.0.3-py3.5.egg" type="simple" />
            <root url="file://$USER_HOME$/.PyCharmCE2019.1/system/python_stubs/947099040" type="simple" />
            <root url="file://$APPLICATION_HOME_DIR$/helpers/python-skeletons" type="simple" />
            <root url="file://$APPLICATION_HOME_DIR$/helpers/typeshed/stdlib/3" type="simple" />
            <root url="file://$APPLICATION_HOME_DIR$/helpers/typeshed/stdlib/2and3" type="simple" />
            <root url="file://$APPLICATION_HOME_DIR$/helpers/typeshed/third_party/3" type="simple" />
            <root url="file://$APPLICATION_HOME_DIR$/helpers/typeshed/third_party/2and3" type="simple" />
          </root>
        </classPath>
        <sourcePath>
          <root type="composite" />
        </sourcePath>
      </roots>
      <additional ASSOCIATED_PROJECT_PATH="E:/PyLearn/ApyCharmProject/te2" />
    </jdk>
  </component>
</application>